Team-JohnB,
38.568744,-122.532832
38.635956,-122.657107
38.591847,-122.835048
38.565089,-122.706577
38.501737,-122.681865
38.51944,-122.630397
Team-PeterW,
38.975939,-122.960622
38.729109,-122.914645
38.834671,-122.608179
